full_name,spkid,epoch,e,a,q,i,om,w,ma,tp,sigma_e,sigma_a,sigma_q,sigma_i,sigma_om,sigma_w,sigma_tp,sigma_ma,data_arc,first_obs,last_obs,n_obs_used,best_arr_time,tof,arr_vel,dep_vel,period
109P/Swift-Tuttle,1000140,2450000.5,0.963225755046038,26.0920694978266,0.959516155068868,113.453816997171,139.3811920815948,152.9821676305871,7.631696167124212,2448968.499784556,6.8344e-09,8.2048e-07,1.7657e-07,2.1907e-05,2.7841e-05,3.2865e-05,2.9166e-05,3.1321e-07,94131,1737-07-08,1995-03-29,652.0,1995-10-29 00:00:00.000,120.20202020202021,59.47498129495172,0.5307100110986389,13328480165993.688
C/1977 R1 (Kohler),1000578,2443448.5,0.9995493480893816,2198.096722725135,0.9905764878202094,48.71186547368851,182.5226840064215,163.4866156159515,359.9999084738317,2443458.0699882694,1.0832e-05,52.836,1.0677e-06,6.957e-05,0.00014515,0.00013108,0.00010843,3.3e-06,271,1977-09-06,1978-06-04,421.0,1977-11-12 13:51:07.879,257.5757575757576,31.953389827158595,0.49156995317881147,1.030595016867196e+16
C/1983 H1 (IRAS-Araki-Alcock),1000304,2445467.5,0.989887820877704,98.03435675076732,0.9913409756028386,73.25137867780242,49.10245750540501,192.8506889407098,359.9916183638424,2445475.7545268754,2.2183e-05,0.21506,2.875e-07,0.00023967,1.2707e-05,0.00017924,0.00016548,2.7722e-05,160,1983-04-27,1983-10-04,347.0,1983-05-03 10:28:10.839,285.8585858585859,43.94004647667778,0.6743167276177976,97070059421024.5
C/1988 F1 (Levy),1001225,2447303.5,0.9977148303712776,513.8373368599499,1.174205476295893,62.8077422039957,288.7638618900883,326.514380512196,0.01472862485281082,2447129.440947992,0.00015981,36.02,0.00022316,0.00091783,0.0034396,0.011346,0.0075741,0.0015491,118,1988-03-22,1988-07-18,37.0,1988-06-23 00:00:00.000,180.80808080808083,33.85883955464574,1.2770975340917368,1164813317374325.2
C/1988 J1 (Shoemaker-Holt),1001226,2447335.5,0.9978077677216638,535.7494127058251,1.174487155633374,62.80704966954395,288.7650061508437,326.5154520849361,0.01031493790984918,2447205.72079792,5.8261e-05,14.246,2.7457e-05,0.00060971,0.0010965,0.0019838,0.0032063,0.00041164,160,1988-05-13,1988-10-20,84.0,1988-07-25 00:00:00.000,310.1010101010101,35.61234477990739,1.5003865775088818,1240110531091217.2
C/1990 K1 (Levy),1000581,2448193.5,1.000583086635218,-1609.945375021148,0.938737631606041,131.5839768965119,139.3640973481184,242.6663308751048,6.585272817061397e-05,2448189.1839505774,1.4281e-06,3.9439,6.1153e-07,7.6313e-05,2.9115e-05,3.7535e-05,5.8204e-05,2.4242e-07,920,1989-09-24,1992-04-01,666.0,1990-09-08 03:51:56.617,302.020202020202,54.24692368251042,1.462189040704288,
C/1995 Y1 (Hyakutake),1001275,2450137.5,1.000269470509257,-3913.66448311189,1.054617161325053,54.46607179238238,195.7614780561649,46.3487012171129,-1.157053479287727e-06,2450137.787425136,7.1639e-06,104.04,6.7564e-07,5.0997e-05,8.2455e-05,9.9444e-05,9.0483e-05,4.6426e-08,270,1995-12-26,1996-09-21,259.0,1996-01-14 05:28:36.208,213.13131313131314,33.641923487353644,1.9201006320206375,
C/1996 N1 (Brewington),1000155,2450304.5,1.000564203309467,-1640.935798719459,0.9258214082604732,52.14795009520106,234.9003620814501,43.96968510776176,8.268035618875517e-05,2450298.923834571,7.7008e-06,22.396,8.8249e-07,0.00015804,0.00011733,9.7414e-05,6.0551e-05,1.693e-06,122,1996-07-04,1996-11-03,303.0,1996-07-09 00:00:00.000,261.61616161616166,33.597126979579514,0.2072786427423138,
C/1999 J3 (LINEAR),1000268,2451429.5,0.9993863899472998,1591.905150759834,0.976809003451493,101.6560362757572,228.9789608121327,161.9805624642706,359.9998111978429,2451441.6668641744,1.6147e-05,41.893,1.3454e-06,0.00010574,0.00011569,0.0001886,0.00014857,7.4508e-06,292,1999-05-12,2000-02-28,187.0,1999-09-21 00:00:00.000,314.14141414141415,56.58786617888198,0.4243088033812897,6351753302018083.0
C/2001 Q4 (NEAT),1000351,2453140.5,1.000688051701856,-1398.092298471224,0.961959785314794,99.6426335150403,210.2784398134271,1.204370507121934,-1.820758099498258e-05,2453141.4657215923,9.9686e-07,2.0255,9.5265e-08,8.7679e-06,1.084e-05,1.157e-05,9.4144e-06,3.949e-08,1811,2001-08-24,2006-08-09,2617.0,2004-05-14 00:00:00.000,144.44444444444446,56.65200280361178,0.9517637481068303,
C/2002 O7 (LINEAR),1000401,2452736.5,1.000274901005369,-3285.990386977609,0.9033220610133036,98.74337121920948,12.80360240253879,252.0686426273046,-0.00088204191271643,2452905.0716669154,2.6797e-06,32.026,2.3236e-06,6.0745e-05,5.0652e-05,0.00017923,0.00019689,1.2894e-05,343,2002-07-29,2003-07-07,1606.0,2003-02-06 00:00:00.000,209.0909090909091,46.17360403854438,1.8856577872186207,
C/2003 K4 (LINEAR),1000442,2453171.5,1.000300703408358,-3404.074214087312,1.023616718479539,134.2525183648013,18.67572241685174,198.4427076902601,-0.00059907426366369,2453292.218858021,1.1122e-06,12.588,9.1884e-07,7.1227e-06,1.9612e-05,7.0436e-05,5.2089e-05,3.3227e-06,1269,2003-05-28,2006-11-17,3625.0,2004-06-01 00:00:00.000,261.61616161616166,64.45469181859144,0.07231923678500708,
C/2006 VZ13 (LINEAR),1002432,2454264.5,1.000245861924317,-4129.358475036619,1.015252020867551,134.7933201543051,66.02690429093474,174.1153118872615,-0.00021874274971591,2454323.39161612,4.9985e-06,83.95,6.0413e-07,1.2131e-05,3.5442e-05,0.00014386,0.00011198,6.6702e-06,274,2006-11-13,2007-08-14,1025.0,2007-06-17 00:00:00.000,273.7373737373738,65.92636478047888,0.5252638705753304,
C/2007 E2 (Lovejoy),1002449,2454235.5,0.9991756528860144,1325.82284461797,1.092938235617152,95.88290133343504,232.4318366430011,340.5337773673682,0.00099016606062515,2454187.0010642014,3.4278e-05,55.134,3.8025e-06,0.0003492,0.00020671,0.0007388,0.00069155,6.1778e-05,158,2007-03-18,2007-08-23,1648.0,2007-05-31 00:00:00.000,156.56565656565658,50.13299077693991,0.5874048391240939,4827764611215122.0
C/2007 T1 (McNaught),1002479,2454437.5,0.9997597349154286,4030.976592616314,0.968502931930384,117.6424445495776,111.433283685437,233.7551315159975,359.9999632991288,2454447.029886204,4.7383e-06,79.498,7.0988e-07,6.1413e-05,0.00011488,6.1587e-05,0.00012008,1.0853e-06,184,2007-10-09,2008-04-10,321.0,2007-10-21 00:00:00.000,249.4949494949495,53.76782662113629,0.8836881869995562,2.559371057896012e+16
C/2008 A1 (McNaught),1002491,2454735.5,1.000230471730961,-4655.992023392321,1.073074540971431,82.54917530843085,277.8836993312148,348.4732575918569,-9.692929957973991e-06,2454738.624419517,4.1179e-06,83.187,8.3358e-07,1.9616e-05,3.7646e-05,1.8222e-05,3.0531e-05,2.5979e-07,636,2008-01-10,2009-10-07,906.0,2008-10-05 00:00:00.000,112.12121212121212,46.0965768991037,0.305867233300899,
C/2009 G1 (STEREO),1003020,2454960.5,0.9976784818454304,486.2085688014063,1.128742019379714,108.3102563579814,120.6349939093651,175.4440802487743,0.00206796600125144,2454938.00566114,7.1382e-05,14.957,1.7149e-05,0.00018892,0.00068696,0.0024671,0.0021135,9.5619e-05,113,2009-04-09,2009-07-31,119.0,2009-05-13 00:00:00.000,201.010101010101,54.13995176029767,0.8746324566713093,1072140626020699.9
C/2011 Q4 (SWAN),1003149,2455870.5,0.974158227443668,43.03990425896251,1.112227416706415,147.8430700500252,252.0857091205893,1.880850387483179,0.1567846245755487,2455825.5834551416,5.4892e-06,0.0093233,5.5401e-06,4.3187e-05,0.00027586,0.00015884,0.00018304,5.1473e-05,204,2011-09-04,2012-03-26,168.0,2011-11-04 00:00:00.000,358.5858585858586,65.4501556876219,1.1419888588296327,28237405141092.336
C/2012 K1 (PANSTARRS),1003190,2456697.5,1.000152915493971,-6896.600670785898,1.054597098294,142.4282581726916,317.7376491689354,203.1066008825931,-0.00034359221106059,2456897.1603630064,8.3691e-07,37.74,9.6333e-07,4.9087e-06,1.7963e-05,6.6937e-05,3.7092e-05,2.8203e-06,1546,2012-05-14,2016-08-07,7829.0,2014-01-22 00:00:00.000,172.72727272727275,64.68041721699144,0.5778462613784405,
C/2012 K5 (LINEAR),1003192,2456215.5,0.9985264981019604,774.8961847263805,1.141810998978076,92.8480254183311,279.0390212042847,139.289758710655,359.9979581320962,2456260.187787429,7.3916e-07,0.38873,7.92e-08,8.7907e-06,3.1043e-06,9.7573e-06,1.3424e-05,1.5361e-06,343,2012-05-06,2013-04-14,4281.0,2012-11-23 00:00:00.000,196.96969696969697,45.115320715361214,1.6651362375123457,2157163801857501.2
C/2013 G5 (Catalina),1003246,2456405.5,0.9997146123853236,3254.937232676171,0.9289187727550068,40.61347633650212,144.2821603657757,165.6672851179409,359.999302039838,2456537.0044617797,6.6096e-05,753.78,2.3949e-05,0.0030465,0.0064419,0.0025931,0.010761,0.00024249,52,2013-04-07,2013-05-29,114.0,2013-05-02 00:00:00.000,205.05050505050505,28.71802021871001,1.1613140508920559,1.8570849368366196e+16
C/2013 K1 (Christensen),1003260,2456443.5,0.9881156749766992,79.79109493505285,0.9482633061732122,42.34152090569845,125.9087092805298,171.3325625204554,0.00115258687556344,2456442.6665083887,7.2799e-05,0.48942,8.2073e-06,0.0007069,0.0013599,0.00033536,0.00028761,1.0909e-05,50,2013-05-18,2013-07-07,52.0,2013-06-06 00:00:00.000,180.80808080808083,27.87351659609974,1.5570683743223999,71277010660007.92
C/2013 UQ4 (Catalina),1003316,2456850.5,0.9821535430641832,60.57084268670604,1.080974935574438,145.2585720800541,317.6623965796692,23.31216387401101,0.01262919268353405,2456844.45958275,6.9444e-07,0.0023564,8.0883e-08,1.171e-05,1.6781e-05,2.1531e-05,1.4033e-05,7.351e-07,862,2013-10-23,2016-03-03,1853.0,2014-06-23 00:00:00.000,334.34343434343435,63.810785137771475,0.9174186010403262,47142570997879.9
C/2015 E61-B (PANSTARRS),1003535,2457937.5,1.000016466064013,-63413.76562230677,1.044175124039388,6.35127665373667,235.2577873438787,68.31621822963767,3.336867405451742e-06,2457883.435749016,0.00037038,1426400.0,7.7075e-05,0.00032437,0.0022051,0.011343,0.0054445,0.00011259,189,2017-06-11,2017-12-17,50.0,2017-05-27 00:00:00.000,322.22222222222223,15.065660150670563,1.9881010286437826,
C/2016 E2 (Kowalski),1003457,2457466.5,1.000226429023678,-4749.316615651506,1.075383124419562,135.9971564028321,186.6651573345939,321.9715087810212,0.00012442123553937,2457425.182206543,0.00048652,10204.0,8.4828e-05,0.0030674,0.001178,0.014941,0.01442,0.00040095,64,2016-03-06,2016-05-09,108.0,2016-04-20 00:00:00.000,156.56565656565658,58.98142813294694,1.1253513808921392,
C/2016 VZ18 (PANSTARRS),1003495,2457804.5,0.9953224034804048,194.6012037287076,0.910265913270462,24.03563546278521,98.95480816991748,36.38622084440971,359.9944160102706,2457819.880088001,3.6582e-06,0.15221,2.0242e-07,4.9643e-05,8.9901e-05,5.5694e-05,2.1573e-05,6.5503e-06,290,2016-10-08,2017-07-25,351.0,2017-01-26 08:03:13.953,273.7373737373738,21.45541087439707,0.28353249186044427,271478926742793.78
C/2017 E1 (Borisov),1003504,2457828.5,1.002574245322817,-349.8743913604389,0.9006625155330636,14.55415195179485,142.7328256699739,152.473457204951,-0.00378597351381383,2457853.6386372666,3.0442e-05,4.1356,4.8122e-06,5.5833e-05,0.00047216,0.00054136,0.00021794,6.7149e-05,116,2017-03-01,2017-06-25,183.0,2017-04-02 14:49:08.034,217.17171717171718,17.223659707795463,1.1850803134938803,
C/2019 U6 (Lemmon),1003663,2458967.5,0.997903188756678,436.025927851171,0.9142640678982692,61.00133862170884,235.7057545316621,329.6590580544367,359.9943901888965,2459019.321816983,7.0574e-07,0.14673,1.7608e-07,1.9778e-05,2.1036e-05,1.9961e-05,2.2628e-05,2.8323e-06,753,2018-11-06,2020-11-28,1144.0,2020-05-18 00:00:00.000,156.56565656565658,38.901294487733715,0.7630405054450641,910513338844672.5
C/2020 A2 (Iwamoto),1003657,2458902.5,0.9990777045538988,1060.410619482585,0.9780118853460532,120.7501318570768,286.3794131153552,68.20920286561076,0.00130380610841568,2458856.8206368983,3.8723e-05,44.533,1.0583e-05,9.1358e-05,0.00023527,0.0012448,0.0011766,8.2165e-05,104,2020-01-09,2020-04-22,529.0,2019-12-23 00:00:00.000,221.21212121212122,49.79523073767776,1.903823763037621,3453257332140976.5
C/2020 H4 (Leonard),1003679,2458969.5,0.9923475020316592,122.5319780535993,0.9376757131119454,84.32545915088272,307.7634038613991,116.8264992437531,359.9118717150423,2459090.778945251,0.00095119,15.313,0.00064399,0.0067155,0.0042586,0.054506,0.02935,0.016542,42,2020-04-21,2020-06-02,37.0,2020-06-21 00:00:00.000,229.2929292929293,41.647447268795574,2.047281317119205,135641319785132.0
C/2020 R4 (ATLAS),1003720,2459286.5,0.9893645328999318,96.71291123891044,1.028586985633252,164.4633463260304,323.2724390283404,46.70793010918349,0.01146596920075773,2459275.4354595253,5.441e-06,0.049565,9.8125e-07,1.5201e-05,8.231e-05,0.00011939,0.00011026,8.9277e-06,549,2020-08-29,2022-03-01,2399.0,2021-02-06 00:00:00.000,354.54545454545456,63.15286551227061,1.5725246262494221,95114017242342.8
C/2021 A4 (NEOWISE),1003756,2459261.5,0.9732474830770552,42.81751843845139,1.145476386623166,111.5698337246359,307.0847624825824,204.6655661643786,359.887299781102,2459293.537080007,4.5661e-05,0.07335,7.2456e-06,0.00042267,0.0002273,0.0012492,0.0012349,0.00029394,185,2021-01-03,2021-07-07,683.0,2021-01-25 00:00:00.000,168.6868686868687,54.21139755038514,1.2468087451613492,28018835420777.97
C/2021 D1 (SWAN),1003769,2459292.5,0.9906488283356564,96.43685271696992,0.9017975645254088,31.46078130442246,311.2712216541829,72.2229618807321,0.02018100797480953,2459273.108860853,6.3871e-05,0.66006,1.2926e-05,0.00015861,0.00031184,0.0012117,0.00082469,0.00020801,72,2021-02-28,2021-05-11,342.0,2021-01-18 00:00:00.000,221.21212121212122,26.166939627569093,1.7604924528187558,94707066060923.31
C/2021 F1 (Lemmon-PANSTARRS),1003834,2459641.5,0.9957013407361426,231.5714202771654,0.9954466310190568,107.3249916812853,203.4516043710536,146.8260951145685,359.9902455364062,2459676.3760070824,3.3989e-05,1.8336,1.1408e-05,0.000174,0.00012172,0.0010839,0.00087238,0.0001161,220,2022-01-07,2022-08-15,403.0,2022-03-28 00:00:00.000,350.5050505050505,56.64932667016455,0.8934479342658507,352407610731186.1
C/2021 P4 (ATLAS),1003801,2459590.5,0.9965656049623852,314.6004269477172,1.080462145140696,56.31080115328572,348.0948794479647,175.8224042110464,359.964607651723,2459790.8753373707,2.7108e-06,0.24854,1.6888e-06,1.9341e-05,4.3917e-05,0.00010778,0.00012441,4.1958e-05,346,2021-08-10,2022-07-22,954.0,2022-01-14 00:00:00.000,330.3030303030303,34.33701592262649,0.8145284692859791,558029041648481.56
C/2022 E3 (ZTF),1003845,2459873.5,1.000301899279413,-3684.157092308256,1.112244371412313,109.1694802153443,302.555019223584,145.8149286685123,-0.00036928712667236,2459957.285198878,6.0326e-07,7.3614,1.511e-07,6.7035e-06,7.0542e-06,1.6234e-05,2.0161e-05,1.1068e-06,809,2021-10-25,2024-01-12,5324.0,2022-11-21 00:00:00.000,209.0909090909091,52.97513269756609,1.7888258454517667,
C/2023 A2 (SWAN),1003911,2460009.5,0.9982913280834154,554.5011037755044,0.9474604637363876,94.70835528443284,94.47108848597628,142.5833082159439,0.00336738002335793,2459964.8890286344,0.00020407,66.309,0.00014306,0.00046457,0.0022918,0.012661,0.0054341,0.00060443,77,2023-01-30,2023-04-17,159.0,2023-04-02 00:00:00.000,338.3838383838384,52.346442283757206,0.5049297898252972,1305784360115597.2
C/2023 R2 (PANSTARRS),1003946,2460246.5,1.000726975857283,-1246.024129472222,0.905829459718354,30.73565325502372,188.9875983719728,337.1888550347654,-0.00645550813027067,2460534.581942932,1.5541e-05,26.645,8.9242e-06,0.00031482,0.00038039,0.00057465,0.0043073,0.00020698,195,2023-09-10,2024-03-23,309.0,2023-11-12 00:00:00.000,217.17171717171718,23.492169054423616,1.3108439918079615,
C/2023 V4 (Camarasa-Duszanowicz),1003958,2460431.5,1.001001642220273,-1119.864326517999,1.121703390418006,67.12999544970212,66.32590736850038,50.85418031484183,-0.00077227546844524,2460460.8640720607,1.3395e-06,1.4977,3.2184e-07,2.2754e-05,3.185e-05,3.214e-05,4.0941e-05,1.549e-06,342,2023-11-05,2024-10-12,1124.0,2024-03-12 00:00:00.000,261.61616161616166,35.01117242191389,1.8754841249218188,
C/2023 X1 (Leonard),1003962,2460290.5,0.994151181810388,162.5093493381589,0.950487638391057,110.5866515509952,137.0106680936667,321.470853591162,0.02612434528310261,2460235.5890612444,6.784e-05,1.8909,3.5156e-05,0.00054291,0.00093133,0.0041008,0.0023003,0.00045706,89,2023-11-01,2024-01-29,255.0,2024-01-09 00:00:00.000,314.14141414141415,57.588929289909565,0.5558231535528969,207174055368636.66
