full_name,spkid,epoch,e,a,q,i,om,w,ma,tp,sigma_e,sigma_a,sigma_q,sigma_i,sigma_om,sigma_w,sigma_tp,sigma_ma,data_arc,first_obs,last_obs,n_obs_used
109P/Swift-Tuttle,1000140,2450000.5,0.963225755046038,26.0920694978266,0.959516155068868,113.453816997171,139.3811920815948,152.9821676305871,7.631696167124212,2448968.499784556,6.8344E-9,8.2048E-7,1.7657E-7,2.1907E-5,2.7841E-5,3.2865E-5,2.9166E-5,3.1321E-7,94131,1737-07-08,1995-03-29,652.0
177P/Barnard,1000909,2453849.5,0.9544420406209867,24.30466899065874,1.107271122596795,31.21645855446403,272.0677211344989,60.45355083971904,358.9579497161313,2453976.18324182,3.4314E-9,2.2692E-7,9.0436E-8,1.224E-5,7.4188E-6,1.7361E-5,1.2172E-5,1.1174E-7,42903,1889-06-24,2006-12-11,1702.0
C/1970 N1 (Abe),1001142,2440870.5,1.000036917060185,-30136.21715089944,1.112540542309455,126.7199098159451,21.70135809394426,96.58336423631219,-1.827270513054851E-6,2440880.1991098253,4.931E-6,4025.3,9.1617E-7,8.4071E-5,9.3844E-5,9.7836E-5,9.7869E-5,3.661E-7,324,1970-07-05,1971-05-25,271.0
C/1972 E1 (Bradfield),1001145,2441431.5,0.9981407981213753,498.7184341668502,0.9272182497077517,123.6926884485779,160.2990796844016,257.6988907490442,.0024158259040014,2441404.201128647,.00028017,75.176,4.316E-5,.0012806,.001437,.0064631,.0061455,.00054678,72,1972-03-22,1972-06-02,85.0
C/1977 H1 (Helin),1001171,2443255.5,0.9999924884560689,148777.2588863746,1.117546916071029,43.19493843748117,20.13858282094856,249.3582191747553,359.9999987981889,2443325.4740411122,.0016898,3.347E7,.00047625,.04812,.0026836,.034243,.023093,.00040555,29,1977-04-16,1977-05-15,35.0
C/1977 R1 (Kohler),1000578,2443448.5,0.9995493480893816,2198.096722725135,0.9905764878202094,48.71186547368851,182.5226840064215,163.4866156159515,359.9999084738317,2443458.0699882694,1.0832E-5,52.836,1.0677E-6,6.957E-5,.00014515,.00013108,.00010843,3.3E-6,271,1977-09-06,1978-06-04,421.0
C/1978 H1 (Meier),1001176,2443855.5,1.000849678502475,-1337.59564865687,1.136526267667807,43.7613810065378,349.3447954737863,231.402032823849,.0006364677082457877,2443823.909276579,6.751E-6,10.631,3.3351E-6,.00013509,.00011936,.00011202,.00032331,7.5856E-6,590,1978-04-28,1979-12-09,276.0
C/1983 H1 (IRAS-Araki-Alcock),1000304,2445467.5,0.9898878208777039,98.03435675076732,0.9913409756028386,73.25137867780242,49.10245750540501,192.8506889407098,359.9916183638424,2445475.7545268754,2.2183E-5,.21506,2.875E-7,.00023967,1.2707E-5,.00017924,.00016548,2.7722E-5,160,1983-04-27,1983-10-04,347.0
C/1984 V1 (Levy-Rudenko),1000547,2446071.5,0.9992110362224068,1163.486000129168,0.9179483098386968,65.71461395786685,331.167739121678,82.73686489369632,.0005648536033166338,2446048.755647764,1.4565E-5,21.482,3.0389E-6,.00033495,.00016738,.00038251,.00031895,1.5651E-5,190,1984-11-15,1985-05-24,162.0
C/1986 P1 (Wilson),1000552,2446824.5,1.000314965394949,-3808.82467931473,1.199647969411932,147.1191679685332,111.665560720663,238.3084262128502,-.0003429055142247513,2446906.281838377,5.6953E-6,68.866,2.7705E-6,6.1834E-5,9.0896E-5,.00019474,.00018197,9.2993E-6,980,1986-08-05,1989-04-11,671.0
C/1986 P1-A (Wilson),1001209,2446920.5,1.000312,-3845.0352564,1.199651,147.1191,111.6661,238.3072,0.0000588,2446906.2809,,,,,,,,,980,1986-08-05,1989-04-11,642.0
C/1986 P1-B (Wilson),1001210,2446920.5,1.000797,-1504.8243413,1.199345,147.1192,111.6661,238.3135,0.0002383,2446906.3853,,,,,,,,,421,1988-02-14,1989-04-10,25.0
C/1987 A1 (Levy),1001212,2446845.5,1.000394410239314,-2336.349359297214,0.921480109921712,96.58291953229755,17.11664330229783,95.24509406370815,.0005539526869285263,2446782.0290095024,.00013381,792.4,.00010506,.0040963,.00078214,.0089235,.0036814,.00028179,136,1987-01-08,1987-05-24,62.0
C/1988 F1 (Levy),1001225,2447303.5,0.9977148303712777,513.8373368599499,1.174205476295893,62.8077422039957,288.7638618900883,326.514380512196,.01472862485281082,2447129.440947992,.00015981,36.02,.00022316,.00091783,.0034396,.011346,.0075741,.0015491,118,1988-03-22,1988-07-18,37.0
C/1988 J1 (Shoemaker-Holt),1001226,2447335.5,0.9978077677216638,535.7494127058251,1.174487155633374,62.80704966954395,288.7650061508437,326.5154520849361,.01031493790984918,2447205.7207979197,5.8261E-5,14.246,2.7457E-5,.00060971,.0010965,.0019838,.0032063,.00041164,160,1988-05-13,1988-10-20,84.0
C/1989 T1 (Helin-Roman-Alu),1001241,2447847.5,0.9906139912840161,111.5829491990461,1.04731853373744,46.03653761099656,8.519171559224818,68.12599292519786,359.9757984951538,2447876.4424339663,3.7882E-5,.45111,7.3045E-6,.00092994,.0001178,.00064277,.00054196,.0001472,118,1989-09-29,1990-01-25,120.0
C/1990 K1 (Levy),1000581,2448193.5,1.000583086635218,-1609.945375021148,0.938737631606041,131.5839768965119,139.3640973481184,242.6663308751048,6.585272817061397E-5,2448189.1839505774,1.4281E-6,3.9439,6.1153E-7,7.6313E-5,2.9115E-5,3.7535E-5,5.8204E-5,2.4242E-7,920,1989-09-24,1992-04-01,666.0
C/1990 N1 (Tsuchiya-Kiuchi),1001246,2448160.5,0.9953979037532509,237.3789686866869,1.092440860850179,143.7834751310391,330.737408706595,180.9205851346244,359.9992606175861,2448163.2436480545,2.9952E-5,1.5464,6.8975E-6,.00017443,.00029326,.00084549,.0009676,6.9749E-6,208,1990-07-13,1991-02-06,103.0
C/1993 Q1 (Mueller),1000583,2449288.5,1.000322420292731,-2999.968986132205,0.967250878692655,105.0264998392923,193.7889843579675,261.0329608910372,-.0008954107390872276,2449437.7771628625,4.2749E-6,39.762,5.3123E-6,.00012299,6.3127E-5,.00036197,.00016414,1.7801E-5,566,1992-09-28,1994-04-17,495.0
C/1994 E2 (Shoemaker-Levy),1001267,2449467.5,0.997305281918325,430.033552633581,1.158819190008642,131.2545672734788,166.5686079739317,57.49646312645542,359.9964125368463,2449499.9591309717,1.3799E-5,2.2032,3.1883E-6,.00011623,.00010749,.00026688,.00032391,2.7599E-5,183,1994-03-14,1994-09-13,114.0
C/1994 N1 (Nakamura-Nishimura-Machholz),1001271,2449574.5,1.000004187674279,-272260.8199696829,1.14013963293908,94.37802413721315,158.9122502322911,123.0719141970736,1.946773826135613E-7,2449546.4399043587,7.07E-5,4596500.,1.6044E-5,.00093599,.00010954,.0019424,.0021994,4.93E-6,114,1994-07-06,1994-10-28,305.0
C/1995 Y1 (Hyakutake),1001275,2450137.5,1.000269470509257,-3913.66448311189,1.054617161325053,54.46607179238238,195.7614780561649,46.3487012171129,-1.157053479287727E-6,2450137.7874251357,7.1639E-6,104.04,6.7564E-7,5.0997E-5,8.2455E-5,9.9444E-5,9.0483E-5,4.6426E-8,270,1995-12-26,1996-09-21,259.0
C/1996 N1 (Brewington),1000155,2450304.5,1.000564203309467,-1640.935798719459,0.9258214082604733,52.14795009520106,234.9003620814501,43.96968510776176,8.268035618875517E-5,2450298.923834571,7.7008E-6,22.396,8.8249E-7,.00015804,.00011733,9.7414E-5,6.0551E-5,1.693E-6,122,1996-07-04,1996-11-03,303.0
C/1998 K5 (LINEAR),1000219,2451021.5,0.9866912757228471,72.39965030819518,0.963546983714058,9.927136988567042,211.1176675043707,99.46027042851681,.01528533727933163,2451011.946210789,6.6932E-6,.036402,1.4282E-7,5.1333E-5,7.4259E-5,5.6159E-5,3.4126E-5,1.1476E-5,264,1998-05-26,1999-02-14,627.0
C/1998 P1 (Williams),1000227,2451162.5,0.9993594130639354,1789.224616887551,1.146153915263378,145.7285193610125,156.3730919994927,294.4529323278361,.0007574568782474919,2451104.336419045,1.0305E-5,28.794,6.8749E-6,4.86E-5,5.5317E-5,.00053082,.00039699,1.829E-5,240,1998-08-11,1999-04-08,403.0
C/1999 J3 (LINEAR),1000268,2451429.5,0.9993863899472998,1591.905150759834,0.976809003451493,101.6560362757572,228.9789608121327,161.9805624642706,359.9998111978429,2451441.6668641744,1.6147E-5,41.893,1.3454E-6,.00010574,.00011569,.0001886,.00014857,7.4508E-6,292,1999-05-12,2000-02-28,187.0
C/1999 T1 (McNaught-Hartley),1000275,2451866.5,0.9998557718824566,8123.927278997458,1.171698738509632,79.9752134092422,182.4830068979577,344.7580005145944,359.9999657138752,2451891.972018898,3.617E-6,203.74,8.9116E-7,2.6E-5,3.6946E-5,5.9433E-5,6.5973E-5,1.2898E-6,787,1999-10-07,2001-12-02,661.0
C/2001 Q4 (NEAT),1000351,2453140.5,1.000688051701856,-1398.092298471224,0.9619597853147941,99.6426335150403,210.2784398134271,1.204370507121934,-1.820758099498258E-5,2453141.4657215923,9.9686E-7,2.0255,9.5265E-8,8.7679E-6,1.084E-5,1.157E-5,9.4144E-6,3.949E-8,1811,2001-08-24,2006-08-09,2617.0
C/2002 O7 (LINEAR),1000401,2452736.5,1.000274901005369,-3285.990386977609,0.9033220610133036,98.74337121920949,12.80360240253879,252.0686426273046,-.0008820419127164338,2452905.0716669154,2.6797E-6,32.026,2.3236E-6,6.0745E-5,5.0652E-5,.00017923,.00019689,1.2894E-5,343,2002-07-29,2003-07-07,1606.0
C/2003 K4 (LINEAR),1000442,2453171.5,1.000300703408358,-3404.074214087312,1.023616718479539,134.2525183648013,18.67572241685174,198.4427076902601,-.0005990742636636944,2453292.218858021,1.1122E-6,12.588,9.1884E-7,7.1227E-6,1.9612E-5,7.0436E-5,5.2089E-5,3.3227E-6,1269,2003-05-28,2006-11-17,3625.0
C/2004 K3 (LINEAR),1000499,2453167.5,0.9810153150144517,58.11823397532302,1.103356363937897,111.9284741429292,275.5374079340397,60.49096827708593,359.9567193869419,2453186.956196483,.00021623,.66322,2.4021E-5,.00090161,.0014202,.0030268,.0044908,.00075083,48,2004-05-29,2004-07-16,81.0
C/2005 A1-A (LINEAR),1002219,2453823.5,1.00064701084044,-1401.37096163182,0.906702203657889,74.8807301054095,355.8564792005596,271.8614895542404,.006627514820320409,2453470.7424604646,8.1943E-7,1.775,2.2215E-7,4.7413E-5,1.9509E-5,1.8494E-5,2.7572E-5,1.2591E-5,416,2004-12-09,2006-01-29,1264.0
C/2005 N1 (Juels-Holvorcem),1001651,2453667.5,0.9984561730490273,728.9984721181804,1.125447488473938,51.18019372798361,3.240351299370207,80.04569772795328,.003152601663523237,2453604.541415728,5.6055E-6,2.6474,1.2273E-6,5.4984E-5,4.6885E-5,.00013533,.00013333,1.7179E-5,275,2005-07-01,2006-04-02,226.0
C/2006 VZ13 (LINEAR),1002432,2454264.5,1.000245861924317,-4129.358475036619,1.015252020867551,134.7933201543051,66.02690429093474,174.1153118872615,-.0002187427497159139,2454323.39161612,4.9985E-6,83.95,6.0413E-7,1.2131E-5,3.5442E-5,.00014386,.00011198,6.6702E-6,274,2006-11-13,2007-08-14,1025.0
C/2007 E2 (Lovejoy),1002449,2454235.5,0.9991756528860143,1325.82284461797,1.092938235617152,95.88290133343503,232.4318366430011,340.5337773673682,.0009901660606251505,2454187.0010642014,3.4278E-5,55.134,3.8025E-6,.0003492,.00020671,.0007388,.00069155,6.1778E-5,158,2007-03-18,2007-08-23,1648.0
C/2007 K5 (Lovejoy),1002461,2454266.5,0.9766934836994186,49.30685390285607,1.149170994217303,64.88321475106216,193.7387343778322,255.5849995505291,.1253696511390705,2454222.459800018,.00070451,1.499,.00019992,.0027928,.0020591,.018154,.017717,.0057674,50,2007-05-29,2007-07-18,48.0
C/2007 T1 (McNaught),1002479,2454437.5,0.9997597349154286,4030.976592616314,0.968502931930384,117.6424445495776,111.433283685437,233.7551315159975,359.9999632991288,2454447.029886204,4.7383E-6,79.498,7.0988E-7,6.1413E-5,.00011488,6.1587E-5,.00012008,1.0853E-6,184,2007-10-09,2008-04-10,321.0
C/2008 A1 (McNaught),1002491,2454735.5,1.000230471730961,-4655.992023392321,1.073074540971431,82.54917530843085,277.8836993312148,348.4732575918569,-9.692929957973991E-6,2454738.624419517,4.1179E-6,83.187,8.3358E-7,1.9616E-5,3.7646E-5,1.8222E-5,3.0531E-5,2.5979E-7,636,2008-01-10,2009-10-07,906.0
C/2009 G1 (STEREO),1003020,2454960.5,0.9976784818454305,486.2085688014063,1.128742019379714,108.3102563579814,120.6349939093651,175.4440802487743,.002067966001251441,2454938.0056611397,7.1382E-5,14.957,1.7149E-5,.00018892,.00068696,.0024671,.0021135,9.5619E-5,113,2009-04-09,2009-07-31,119.0
C/2010 J4 (WISE),1003091,2455333.5,0.9999935925132187,169416.2960576699,1.085532677520908,162.2965271698157,316.4053868551018,83.75334172763874,1.954533838612015E-7,2455319.6716012675,.009786,2.5874E8,.0001997,.022341,.0077811,.044535,.040805,.00044777,11,2010-05-12,2010-05-23,43.0
C/2011 Q4 (SWAN),1003149,2455870.5,0.974158227443668,43.03990425896251,1.112227416706415,147.8430700500252,252.0857091205893,1.880850387483179,.1567846245755487,2455825.5834551416,5.4892E-6,.0093233,5.5401E-6,4.3187E-5,.00027586,.00015884,.00018304,5.1473E-5,204,2011-09-04,2012-03-26,168.0
C/2011 U3 (PANSTARRS),1003156,2455873.5,1.000449228774744,-2385.059256481489,1.071437247480918,116.7759557054995,228.3789198430203,287.8238931135182,-.001767606785684808,2456082.396106973,.00011384,603.52,.00041143,.0082943,6.7954E-5,.018043,.011091,.000671,94,2011-10-24,2012-01-26,60.0
C/2012 K1 (PANSTARRS),1003190,2456697.5,1.000152915493971,-6896.600670785898,1.054597098294,142.4282581726916,317.7376491689354,203.1066008825931,-.0003435922110605922,2456897.1603630064,8.3691E-7,37.74,9.6333E-7,4.9087E-6,1.7963E-5,6.6937E-5,3.7092E-5,2.8203E-6,1546,2012-05-14,2016-08-07,7829.0
C/2012 K5 (LINEAR),1003192,2456215.5,0.9985264981019603,774.8961847263805,1.141810998978076,92.8480254183311,279.0390212042847,139.289758710655,359.9979581320962,2456260.187787429,7.3916E-7,.38873,7.92E-8,8.7907E-6,3.1043E-6,9.7573E-6,1.3424E-5,1.5361E-6,343,2012-05-06,2013-04-14,4281.0
C/2013 G5 (Catalina),1003246,2456405.5,0.9997146123853236,3254.937232676171,0.9289187727550069,40.61347633650212,144.2821603657757,165.6672851179409,359.999302039838,2456537.0044617793,6.6096E-5,753.78,2.3949E-5,.0030465,.0064419,.0025931,.010761,.00024249,52,2013-04-07,2013-05-29,114.0
C/2013 K1 (Christensen),1003260,2456443.5,0.9881156749766993,79.79109493505285,0.9482633061732122,42.34152090569845,125.9087092805298,171.3325625204554,.001152586875563448,2456442.6665083887,7.2799E-5,.48942,8.2073E-6,.0007069,.0013599,.00033536,.00028761,1.0909E-5,50,2013-05-18,2013-07-07,52.0
C/2013 UQ4 (Catalina),1003316,2456850.5,0.9821535430641831,60.57084268670604,1.080974935574438,145.2585720800541,317.6623965796692,23.31216387401101,.01262919268353405,2456844.45958275,6.9444E-7,.0023564,8.0883E-8,1.171E-5,1.6781E-5,2.1531E-5,1.4033E-5,7.351E-7,862,2013-10-23,2016-03-03,1853.0
C/2015 ER61 (PANSTARRS),1003443,2457873.5,0.997278605169853,382.9403597760523,1.042131915349179,6.348648626051271,235.2217409789212,68.19225859030109,359.9986921361895,2457883.4438636415,2.0729E-6,.29181,4.4194E-7,1.2735E-5,8.9367E-5,9.2789E-5,4.2753E-5,1.4997E-6,1421,2015-01-21,2018-12-12,2826.0
C/2015 E61-B (PANSTARRS),1003535,2457937.5,1.000016466064013,-63413.76562230677,1.044175124039388,6.35127665373667,235.2577873438787,68.31621822963767,3.336867405451742E-6,2457883.4357490162,.00037038,1426400.,7.7075E-5,.00032437,.0022051,.011343,.0054445,.00011259,189,2017-06-11,2017-12-17,50.0
C/2016 E2 (Kowalski),1003457,2457466.5,1.000226429023678,-4749.316615651506,1.075383124419562,135.9971564028321,186.6651573345939,321.9715087810212,.0001244212355393749,2457425.182206543,.00048652,10204.,8.4828E-5,.0030674,.001178,.014941,.01442,.00040095,64,2016-03-06,2016-05-09,108.0
C/2016 VZ18 (PANSTARRS),1003495,2457804.5,0.9953224034804047,194.6012037287076,0.9102659132704619,24.03563546278521,98.95480816991747,36.38622084440971,359.9944160102706,2457819.880088001,3.6582E-6,.15221,2.0242E-7,4.9643E-5,8.9901E-5,5.5694E-5,2.1573E-5,6.5503E-6,290,2016-10-08,2017-07-25,351.0
C/2017 E1 (Borisov),1003504,2457828.5,1.002574245322817,-349.8743913604389,0.9006625155330636,14.55415195179485,142.7328256699739,152.473457204951,-.003785973513813832,2457853.6386372666,3.0442E-5,4.1356,4.8122E-6,5.5833E-5,.00047216,.00054136,.00021794,6.7149E-5,116,2017-03-01,2017-06-25,183.0
C/2019 U6 (Lemmon),1003663,2458967.5,0.9979031887566779,436.025927851171,0.9142640678982692,61.00133862170884,235.7057545316621,329.6590580544367,359.9943901888965,2459019.321816983,7.0574E-7,.14673,1.7608E-7,1.9778E-5,2.1036E-5,1.9961E-5,2.2628E-5,2.8323E-6,753,2018-11-06,2020-11-28,1144.0
C/2020 A2 (Iwamoto),1003657,2458902.5,0.9990777045538989,1060.410619482585,0.9780118853460532,120.7501318570768,286.3794131153552,68.20920286561076,.001303806108415688,2458856.8206368983,3.8723E-5,44.533,1.0583E-5,9.1358E-5,.00023527,.0012448,.0011766,8.2165E-5,104,2020-01-09,2020-04-22,529.0
C/2020 H4 (Leonard),1003679,2458969.5,0.9923475020316592,122.5319780535993,0.9376757131119454,84.32545915088272,307.7634038613991,116.8264992437531,359.9118717150423,2459090.778945251,.00095119,15.313,.00064399,.0067155,.0042586,.054506,.02935,.016542,42,2020-04-21,2020-06-02,37.0
C/2020 R4 (ATLAS),1003720,2459286.5,0.9893645328999318,96.71291123891044,1.028586985633252,164.4633463260304,323.2724390283404,46.70793010918349,.01146596920075773,2459275.4354595253,5.441E-6,.049565,9.8125E-7,1.5201E-5,8.231E-5,.00011939,.00011026,8.9277E-6,549,2020-08-29,2022-03-01,2399.0
C/2021 A4 (NEOWISE),1003756,2459261.5,0.9732474830770553,42.81751843845139,1.145476386623166,111.5698337246359,307.0847624825824,204.6655661643786,359.887299781102,2459293.537080007,4.5661E-5,.07335,7.2456E-6,.00042267,.0002273,.0012492,.0012349,.00029394,185,2021-01-03,2021-07-07,683.0
C/2021 D1 (SWAN),1003769,2459292.5,0.9906488283356564,96.43685271696992,0.9017975645254088,31.46078130442246,311.2712216541829,72.2229618807321,.02018100797480953,2459273.108860853,6.3871E-5,.66006,1.2926E-5,.00015861,.00031184,.0012117,.00082469,.00020801,72,2021-02-28,2021-05-11,342.0
C/2021 F1 (Lemmon-PANSTARRS),1003834,2459641.5,0.9957013407361426,231.5714202771654,0.9954466310190567,107.3249916812853,203.4516043710536,146.8260951145685,359.9902455364062,2459676.3760070824,3.3989E-5,1.8336,1.1408E-5,.000174,.00012172,.0010839,.00087238,.0001161,220,2022-01-07,2022-08-15,403.0
C/2021 P4 (ATLAS),1003801,2459590.5,0.9965656049623853,314.6004269477172,1.080462145140696,56.31080115328572,348.0948794479647,175.8224042110464,359.964607651723,2459790.8753373707,2.7108E-6,.24854,1.6888E-6,1.9341E-5,4.3917E-5,.00010778,.00012441,4.1958E-5,346,2021-08-10,2022-07-22,954.0
C/2022 E3 (ZTF),1003845,2459873.5,1.000301899279413,-3684.157092308256,1.112244371412313,109.1694802153443,302.555019223584,145.8149286685123,-.0003692871266723633,2459957.285198878,6.0326E-7,7.3614,1.511E-7,6.7035E-6,7.0542E-6,1.6234E-5,2.0161E-5,1.1068E-6,809,2021-10-25,2024-01-12,5324.0
C/2023 A2 (SWAN),1003911,2460009.5,0.9982913280834154,554.5011037755044,0.9474604637363875,94.70835528443283,94.47108848597627,142.5833082159439,.003367380023357932,2459964.8890286344,.00020407,66.309,.00014306,.00046457,.0022918,.012661,.0054341,.00060443,77,2023-01-30,2023-04-17,159.0
C/2023 R2 (PANSTARRS),1003946,2460246.5,1.000726975857283,-1246.024129472222,0.905829459718354,30.73565325502372,188.9875983719728,337.1888550347654,-.006455508130270672,2460534.581942932,1.5541E-5,26.645,8.9242E-6,.00031482,.00038039,.00057465,.0043073,.00020698,195,2023-09-10,2024-03-23,309.0
C/2023 S2 (ATLAS),1003945,2460228.5,0.9928867609970752,150.1025922244971,1.067715613451413,20.4854364759366,230.5621762152739,78.10915999923586,359.9976539790673,2460232.8773381542,6.5678E-5,1.3875,1.1243E-5,8.7554E-5,.00067947,.0003774,.00035739,3.2376E-5,70,2023-09-28,2023-12-07,392.0
C/2023 V4 (Camarasa-Duszanowicz),1003958,2460431.5,1.001001642220273,-1119.864326517999,1.121703390418006,67.12999544970212,66.32590736850038,50.85418031484183,-.0007722754684452417,2460460.8640720607,1.3395E-6,1.4977,3.2184E-7,2.2754E-5,3.185E-5,3.214E-5,4.0941E-5,1.549E-6,342,2023-11-05,2024-10-12,1124.0
C/2023 X1 (Leonard),1003962,2460290.5,0.9941511818103879,162.5093493381589,0.950487638391057,110.5866515509952,137.0106680936667,321.470853591162,.02612434528310261,2460235.5890612444,6.784E-5,1.8909,3.5156E-5,.00054291,.00093133,.0041008,.0023003,.00045706,89,2023-11-01,2024-01-29,255.0
